Workbook

Sheet Vendor_Master
A1: Vendor_ID | B1: Vendor_Name | C1: Vendor_Category | D1: Region | E1: Annual_Spend | F1: Contract_Start_Date | G1: Contract_End_Date | H1: Primary_Contact_Email
A2: VND-001 | B2: =_xlfn.CONCAT("Vendor_",TEXT(ROW()-1,"000")) -> Vendor_001 | C2: Waste Services | D2: =CHOOSE(ROUNDUP((ROW()-1)/100,0),"East","South","West","North") -> East | E2: 3195278 | F2: 44227 | G2: 45586 | H2: =_xlfn.CONCAT("contact",ROW()-1,"@vendor.com") -> contact1@vendor.com
A3: VND-002 | B3: =_xlfn.CONCAT("Vendor_",TEXT(ROW()-1,"000")) -> Vendor_002 | C3: Waste Services | D3: =CHOOSE(ROUNDUP((ROW()-1)/100,0),"East","South","West","North") -> East | E3: 1899565 | F3: 45098 | G3: 46806 | H3: =_xlfn.CONCAT("contact",ROW()-1,"@vendor.com") -> contact2@vendor.com
A4: VND-003 | B4: =_xlfn.CONCAT("Vendor_",TEXT(ROW()-1,"000")) -> Vendor_003 | C4: Waste Services | D4: =CHOOSE(ROUNDUP((ROW()-1)/100,0),"East","South","West","North") -> East | E4: 3318457 | F4: 44336 | G4: 45434 | H4: =_xlfn.CONCAT("contact",ROW()-1,"@vendor.com") -> contact3@vendor.com
A5: VND-004 | B5: =_xlfn.CONCAT("Vendor_",TEXT(ROW()-1,"000")) -> Vendor_004 | C5: Waste Services | D5: =CHOOSE(ROUNDUP((ROW()-1)/100,0),"East","South","West","North") -> East | E5: 3125237 | F5: 44327 | G5: 44867 | H5: =_xlfn.CONCAT("contact",ROW()-1,"@vendor.com") -> contact4@vendor.com
A6: VND-005 | B6: =_xlfn.CONCAT("Vendor_",TEXT(ROW()-1,"000")) -> Vendor_005 | C6: Waste Services | D6: =CHOOSE(ROUNDUP((ROW()-1)/100,0),"East","South","West","North") -> East | E6: 2761058 | F6: 44644 | G6: 45830 | H6: =_xlfn.CONCAT("contact",ROW()-1,"@vendor.com") -> contact5@vendor.com
A7: VND-006 | B7: =_xlfn.CONCAT("Vendor_",TEXT(ROW()-1,"000")) -> Vendor_006 | C7: Waste Services | D7: =CHOOSE(ROUNDUP((ROW()-1)/100,0),"East","South","West","North") -> East | E7: 3224304 | F7: 44643 | G7: 46042 | H7: =_xlfn.CONCAT("contact",ROW()-1,"@vendor.com") -> contact6@vendor.com
A8: VND-007 | B8: =_xlfn.CONCAT("Vendor_",TEXT(ROW()-1,"000")) -> Vendor_007 | C8: Waste Services | D8: =CHOOSE(ROUNDUP((ROW()-1)/100,0),"East","South","West","North") -> East | E8: 2844080 | F8: 44281 | G8: 44678 | H8: =_xlfn.CONCAT("contact",ROW()-1,"@vendor.com") -> contact7@vendor.com
A9: VND-008 | B9: =_xlfn.CONCAT("Vendor_",TEXT(ROW()-1,"000")) -> Vendor_008 | C9: Waste Services | D9: =CHOOSE(ROUNDUP((ROW()-1)/100,0),"East","South","West","North") -> East | E9: 3354223 | F9: 44404 | G9: 45470 | H9: =_xlfn.CONCAT("contact",ROW()-1,"@vendor.com") -> contact8@vendor.com
A10: VND-009 | B10: =_xlfn.CONCAT("Vendor_",TEXT(ROW()-1,"000")) -> Vendor_009 | C10: Waste Services | D10: =CHOOSE(ROUNDUP((ROW()-1)/100,0),"East","South","West","North") -> East | E10: 3652769 | F10: 44578 | G10: 46139 | H10: =_xlfn.CONCAT("contact",ROW()-1,"@vendor.com") -> contact9@vendor.com
A11: VND-010 | B11: =_xlfn.CONCAT("Vendor_",TEXT(ROW()-1,"000")) -> Vendor_010 | C11: Waste Services | D11: =CHOOSE(ROUNDUP((ROW()-1)/100,0),"East","South","West","North") -> East | E11: 1850541 | F11: 45124 | G11: 46475 | H11: =_xlfn.CONCAT("contact",ROW()-1,"@vendor.com") -> contact10@vendor.com
A12: VND-011 | B12: =_xlfn.CONCAT("Vendor_",TEXT(ROW()-1,"000")) -> Vendor_011 | C12: Waste Services | D12: =CHOOSE(ROUNDUP((ROW()-1)/100,0),"East","South","West","North") -> East | E12: 3639808 | F12: 45086 | G12: 45686 | H12: =_xlfn.CONCAT("contact",ROW()-1,"@vendor.com") -> contact11@vendor.com
A13: VND-012 | B13: =_xlfn.CONCAT("Vendor_",TEXT(ROW()-1,"000")) -> Vendor_012 | C13: Waste Services | D13: =CHOOSE(ROUNDUP((ROW()-1)/100,0),"East","South","West","North") -> East | E13: 3362434 | F13: 44510 | G13: 45196 | H13: =_xlfn.CONCAT("contact",ROW()-1,"@vendor.com") -> contact12@vendor.com
... A401: VND-400 | B401: =_xlfn.CONCAT("Vendor_",TEXT(ROW()-1,"000")) -> Vendor_400 | C401: Equipment Maintenance | D401: =CHOOSE(ROUNDUP((ROW()-1)/100,0),"East","South","West","North") -> North | E401: 2950224 | F401: 45108 | G401: 45849 | H401: =_xlfn.CONCAT("contact",ROW()-1,"@vendor.com") -> contact400@vendor.com

Sheet Sustainability_Documents
A1: Vendor_ID | B1: Document_Type | C1: Required | D1: Submitted | E1: Last_Submission_Date | F1: Expiry_Date | G1: Days_To_Expiry | H1: Document_Status | I1: Outreach_Flag | J1: ESG_Category
A2: {=INDEX(Vendor_Master!$A$2:$A$401, ROUNDUP((ROW()-1)/4, 0))} -> VND-001 | B2: =CHOOSE(MOD(ROW()-2,4)+1,"ISO 14001","Safety Certificate","Environmental Policy","Sustainability Disclosure") -> ISO 14001 | C2: ="Yes" -> Yes | D2: =IF(ROW()-1<=1280,"Yes","No") -> Yes | E2: 45619 | F2: 46752 | G2: =IF($F2="","",$F2-TODAY()) -> 669 | H2: =IF($C2="No","Not Required", IF($D2="No","Missing", IF($F2<TODAY(),"Expired", IF($F2<=TODAY()+30,"Expiring Soon","Active")))) -> Active | I2: =IF(OR($H2="Missing",$H2="Expired",$H2="Expiring Soon"),1,0) -> 0 | J2: =IF(B2="ISO 14001","Environmental", IF(B2="Environmental Policy","Environmental", IF(B2="Sustainability Disclosure","Environmental", IF(B2="Safety Certificate","Safety","Regulatory")))) -> Environmental
A3: {=INDEX(Vendor_Master!$A$2:$A$401, ROUNDUP((ROW()-1)/4, 0))} -> VND-001 | B3: =CHOOSE(MOD(ROW()-2,4)+1,"ISO 14001","Safety Certificate","Environmental Policy","Sustainability Disclosure") -> Safety Certificate | C3: ="Yes" -> Yes | D3: =IF(ROW()-1<=1280,"Yes","No") -> Yes | E3: 46046 | F3: 46313 | G3: =IF($F3="","",$F3-TODAY()) -> 230 | H3: =IF($C3="No","Not Required", IF($D3="No","Missing", IF($F3<TODAY(),"Expired", IF($F3<=TODAY()+30,"Expiring Soon","Active")))) -> Active | I3: =IF(OR($H3="Missing",$H3="Expired",$H3="Expiring Soon"),1,0) -> 0 | J3: =IF(B3="ISO 14001","Environmental", IF(B3="Environmental Policy","Environmental", IF(B3="Sustainability Disclosure","Environmental", IF(B3="Safety Certificate","Safety","Regulatory")))) -> Safety
A4: {=INDEX(Vendor_Master!$A$2:$A$401, ROUNDUP((ROW()-1)/4, 0))} -> VND-001 | B4: =CHOOSE(MOD(ROW()-2,4)+1,"ISO 14001","Safety Certificate","Environmental Policy","Sustainability Disclosure") -> Environmental Policy | C4: ="Yes" -> Yes | D4: =IF(ROW()-1<=1280,"Yes","No") -> Yes | E4: 45701 | F4: 46534 | G4: =IF($F4="","",$F4-TODAY()) -> 451 | H4: =IF($C4="No","Not Required", IF($D4="No","Missing", IF($F4<TODAY(),"Expired", IF($F4<=TODAY()+30,"Expiring Soon","Active")))) -> Active | I4: =IF(OR($H4="Missing",$H4="Expired",$H4="Expiring Soon"),1,0) -> 0 | J4: =IF(B4="ISO 14001","Environmental", IF(B4="Environmental Policy","Environmental", IF(B4="Sustainability Disclosure","Environmental", IF(B4="Safety Certificate","Safety","Regulatory")))) -> Environmental
A5: {=INDEX(Vendor_Master!$A$2:$A$401, ROUNDUP((ROW()-1)/4, 0))} -> VND-001 | B5: =CHOOSE(MOD(ROW()-2,4)+1,"ISO 14001","Safety Certificate","Environmental Policy","Sustainability Disclosure") -> Sustainability Disclosure | C5: ="Yes" -> Yes | D5: =IF(ROW()-1<=1280,"Yes","No") -> Yes | E5: 45390 | F5: 46356 | G5: =IF($F5="","",$F5-TODAY()) -> 273 | H5: =IF($C5="No","Not Required", IF($D5="No","Missing", IF($F5<TODAY(),"Expired", IF($F5<=TODAY()+30,"Expiring Soon","Active")))) -> Active | I5: =IF(OR($H5="Missing",$H5="Expired",$H5="Expiring Soon"),1,0) -> 0 | J5: =IF(B5="ISO 14001","Environmental", IF(B5="Environmental Policy","Environmental", IF(B5="Sustainability Disclosure","Environmental", IF(B5="Safety Certificate","Safety","Regulatory")))) -> Environmental
A6: {=INDEX(Vendor_Master!$A$2:$A$401, ROUNDUP((ROW()-1)/4, 0))} -> VND-002 | B6: =CHOOSE(MOD(ROW()-2,4)+1,"ISO 14001","Safety Certificate","Environmental Policy","Sustainability Disclosure") -> ISO 14001 | C6: ="Yes" -> Yes | D6: =IF(ROW()-1<=1280,"Yes","No") -> Yes | E6: 45648 | F6: 46751 | G6: =IF($F6="","",$F6-TODAY()) -> 668 | H6: =IF($C6="No","Not Required", IF($D6="No","Missing", IF($F6<TODAY(),"Expired", IF($F6<=TODAY()+30,"Expiring Soon","Active")))) -> Active | I6: =IF(OR($H6="Missing",$H6="Expired",$H6="Expiring Soon"),1,0) -> 0 | J6: =IF(B6="ISO 14001","Environmental", IF(B6="Environmental Policy","Environmental", IF(B6="Sustainability Disclosure","Environmental", IF(B6="Safety Certificate","Safety","Regulatory")))) -> Environmental
A7: {=INDEX(Vendor_Master!$A$2:$A$401, ROUNDUP((ROW()-1)/4, 0))} -> VND-002 | B7: =CHOOSE(MOD(ROW()-2,4)+1,"ISO 14001","Safety Certificate","Environmental Policy","Sustainability Disclosure") -> Safety Certificate | C7: ="Yes" -> Yes | D7: =IF(ROW()-1<=1280,"Yes","No") -> Yes | E7: 46007 | F7: 46257 | G7: =IF($F7="","",$F7-TODAY()) -> 174 | H7: =IF($C7="No","Not Required", IF($D7="No","Missing", IF($F7<TODAY(),"Expired", IF($F7<=TODAY()+30,"Expiring Soon","Active")))) -> Active | I7: =IF(OR($H7="Missing",$H7="Expired",$H7="Expiring Soon"),1,0) -> 0 | J7: =IF(B7="ISO 14001","Environmental", IF(B7="Environmental Policy","Environmental", IF(B7="Sustainability Disclosure","Environmental", IF(B7="Safety Certificate","Safety","Regulatory")))) -> Safety
A8: {=INDEX(Vendor_Master!$A$2:$A$401, ROUNDUP((ROW()-1)/4, 0))} -> VND-002 | B8: =CHOOSE(MOD(ROW()-2,4)+1,"ISO 14001","Safety Certificate","Environmental Policy","Sustainability Disclosure") -> Environmental Policy | C8: ="Yes" -> Yes | D8: =IF(ROW()-1<=1280,"Yes","No") -> Yes | E8: 45999 | F8: 46260 | G8: =IF($F8="","",$F8-TODAY()) -> 177 | H8: =IF($C8="No","Not Required", IF($D8="No","Missing", IF($F8<TODAY(),"Expired", IF($F8<=TODAY()+30,"Expiring Soon","Active")))) -> Active | I8: =IF(OR($H8="Missing",$H8="Expired",$H8="Expiring Soon"),1,0) -> 0 | J8: =IF(B8="ISO 14001","Environmental", IF(B8="Environmental Policy","Environmental", IF(B8="Sustainability Disclosure","Environmental", IF(B8="Safety Certificate","Safety","Regulatory")))) -> Environmental
A9: {=INDEX(Vendor_Master!$A$2:$A$401, ROUNDUP((ROW()-1)/4, 0))} -> VND-002 | B9: =CHOOSE(MOD(ROW()-2,4)+1,"ISO 14001","Safety Certificate","Environmental Policy","Sustainability Disclosure") -> Sustainability Disclosure | C9: ="Yes" -> Yes | D9: =IF(ROW()-1<=1280,"Yes","No") -> Yes | E9: 45897 | F9: 46869 | G9: =IF($F9="","",$F9-TODAY()) -> 786 | H9: =IF($C9="No","Not Required", IF($D9="No","Missing", IF($F9<TODAY(),"Expired", IF($F9<=TODAY()+30,"Expiring Soon","Active")))) -> Active | I9: =IF(OR($H9="Missing",$H9="Expired",$H9="Expiring Soon"),1,0) -> 0 | J9: =IF(B9="ISO 14001","Environmental", IF(B9="Environmental Policy","Environmental", IF(B9="Sustainability Disclosure","Environmental", IF(B9="Safety Certificate","Safety","Regulatory")))) -> Environmental
A10: {=INDEX(Vendor_Master!$A$2:$A$401, ROUNDUP((ROW()-1)/4, 0))} -> VND-003 | B10: =CHOOSE(MOD(ROW()-2,4)+1,"ISO 14001","Safety Certificate","Environmental Policy","Sustainability Disclosure") -> ISO 14001 | C10: ="Yes" -> Yes | D10: =IF(ROW()-1<=1280,"Yes","No") -> Yes | E10: 46033 | F10: 46506 | G10: =IF($F10="","",$F10-TODAY()) -> 423 | H10: =IF($C10="No","Not Required", IF($D10="No","Missing", IF($F10<TODAY(),"Expired", IF($F10<=TODAY()+30,"Expiring Soon","Active")))) -> Active | I10: =IF(OR($H10="Missing",$H10="Expired",$H10="Expiring Soon"),1,0) -> 0 | J10: =IF(B10="ISO 14001","Environmental", IF(B10="Environmental Policy","Environmental", IF(B10="Sustainability Disclosure","Environmental", IF(B10="Safety Certificate","Safety","Regulatory")))) -> Environmental
A11: {=INDEX(Vendor_Master!$A$2:$A$401, ROUNDUP((ROW()-1)/4, 0))} -> VND-003 | B11: =CHOOSE(MOD(ROW()-2,4)+1,"ISO 14001","Safety Certificate","Environmental Policy","Sustainability Disclosure") -> Safety Certificate | C11: ="Yes" -> Yes | D11: =IF(ROW()-1<=1280,"Yes","No") -> Yes | E11: 45403 | F11: 46227 | G11: =IF($F11="","",$F11-TODAY()) -> 144 | H11: =IF($C11="No","Not Required", IF($D11="No","Missing", IF($F11<TODAY(),"Expired", IF($F11<=TODAY()+30,"Expiring Soon","Active")))) -> Active | I11: =IF(OR($H11="Missing",$H11="Expired",$H11="Expiring Soon"),1,0) -> 0 | J11: =IF(B11="ISO 14001","Environmental", IF(B11="Environmental Policy","Environmental", IF(B11="Sustainability Disclosure","Environmental", IF(B11="Safety Certificate","Safety","Regulatory")))) -> Safety
A12: {=INDEX(Vendor_Master!$A$2:$A$401, ROUNDUP((ROW()-1)/4, 0))} -> VND-003 | B12: =CHOOSE(MOD(ROW()-2,4)+1,"ISO 14001","Safety Certificate","Environmental Policy","Sustainability Disclosure") -> Environmental Policy | C12: ="Yes" -> Yes | D12: =IF(ROW()-1<=1280,"Yes","No") -> Yes | E12: 45739 | F12: 46637 | G12: =IF($F12="","",$F12-TODAY()) -> 554 | H12: =IF($C12="No","Not Required", IF($D12="No","Missing", IF($F12<TODAY(),"Expired", IF($F12<=TODAY()+30,"Expiring Soon","Active")))) -> Active | I12: =IF(OR($H12="Missing",$H12="Expired",$H12="Expiring Soon"),1,0) -> 0 | J12: =IF(B12="ISO 14001","Environmental", IF(B12="Environmental Policy","Environmental", IF(B12="Sustainability Disclosure","Environmental", IF(B12="Safety Certificate","Safety","Regulatory")))) -> Environmental
A13: {=INDEX(Vendor_Master!$A$2:$A$401, ROUNDUP((ROW()-1)/4, 0))} -> VND-003 | B13: =CHOOSE(MOD(ROW()-2,4)+1,"ISO 14001","Safety Certificate","Environmental Policy","Sustainability Disclosure") -> Sustainability Disclosure | C13: ="Yes" -> Yes | D13: =IF(ROW()-1<=1280,"Yes","No") -> Yes | E13: 45737 | F13: 46830 | G13: =IF($F13="","",$F13-TODAY()) -> 747 | H13: =IF($C13="No","Not Required", IF($D13="No","Missing", IF($F13<TODAY(),"Expired", IF($F13<=TODAY()+30,"Expiring Soon","Active")))) -> Active | I13: =IF(OR($H13="Missing",$H13="Expired",$H13="Expiring Soon"),1,0) -> 0 | J13: =IF(B13="ISO 14001","Environmental", IF(B13="Environmental Policy","Environmental", IF(B13="Sustainability Disclosure","Environmental", IF(B13="Safety Certificate","Safety","Regulatory")))) -> Environmental
... A1601: {=INDEX(Vendor_Master!$A$2:$A$401, ROUNDUP((ROW()-1)/4, 0))} -> VND-400 | B1601: =CHOOSE(MOD(ROW()-2,4)+1,"ISO 14001","Safety Certificate","Environmental Policy","Sustainability Disclosure") -> Sustainability Disclosure | C1601: ="Yes" -> Yes | D1601: =IF(ROW()-1<=1280,"Yes","No") -> No | E1601: 45857 | F1601: 46043 | G1601: =IF($F1601="","",$F1601-TODAY()) -> -40 | H1601: =IF($C1601="No","Not Required", IF($D1601="No","Missing", IF($F1601<TODAY(),"Expired", IF($F1601<=TODAY()+30,"Expiring Soon","Active")))) -> Missing | I1601: =IF(OR($H1601="Missing",$H1601="Expired",$H1601="Expiring Soon"),1,0) -> 1 | J1601: =IF(B1601="ISO 14001","Environmental", IF(B1601="Environmental Policy","Environmental", IF(B1601="Sustainability Disclosure","Environmental", IF(B1601="Safety Certificate","Safety","Regulatory")))) -> Environmental

Sheet Incident_Log
A1: Vendor_ID | B1: Incident_Type | C1: Severity_Level | D1: Incident_Date | E1: Resolved | F1: OutReach_Flag
A2: VND-110 | B2: EPA Notice | C2: Medium | D2: 45657 | E2: Yes | F2: =IF(AND($C2="High",$E2="No"),1,0) -> 0
A3: VND-063 | B3: Safety Violation | C3: Medium | D3: 45757 | E3: Yes | F3: =IF(AND($C3="High",$E3="No"),1,0) -> 0
A4: VND-191 | B4: EPA Notice | C4: Low | D4: 45647 | E4: Yes | F4: =IF(AND($C4="High",$E4="No"),1,0) -> 0
A5: VND-383 | B5: Safety Violation | C5: Low | D5: 45720 | E5: Yes | F5: =IF(AND($C5="High",$E5="No"),1,0) -> 0
A6: VND-308 | B6: Safety Violation | C6: Medium | D6: 45544 | E6: No | F6: =IF(AND($C6="High",$E6="No"),1,0) -> 0
A7: VND-231 | B7: Permit Delay | C7: Low | D7: 45967 | E7: Yes | F7: =IF(AND($C7="High",$E7="No"),1,0) -> 0
A8: VND-104 | B8: Spill/Release | C8: Low | D8: 45678 | E8: Yes | F8: =IF(AND($C8="High",$E8="No"),1,0) -> 0
A9: VND-237 | B9: Permit Delay | C9: Medium | D9: 45452 | E9: Yes | F9: =IF(AND($C9="High",$E9="No"),1,0) -> 0
A10: VND-367 | B10: Safety Violation | C10: High | D10: 45861 | E10: Yes | F10: =IF(AND($C10="High",$E10="No"),1,0) -> 0
A11: VND-117 | B11: Safety Violation | C11: Low | D11: 45812 | E11: Yes | F11: =IF(AND($C11="High",$E11="No"),1,0) -> 0
A12: VND-036 | B12: Safety Violation | C12: Medium | D12: 45732 | E12: Yes | F12: =IF(AND($C12="High",$E12="No"),1,0) -> 0
A13: VND-338 | B13: Spill/Release | C13: Medium | D13: 45953 | E13: Yes | F13: =IF(AND($C13="High",$E13="No"),1,0) -> 0
... A181: VND-250 | B181: Safety Violation | C181: Low | D181: 45535 | E181: Yes | F181: =IF(AND($C181="High",$E181="No"),1,0) -> 0

Sheet OutReach_Log
A1: Vendor_ID | B1: Issue_Type | C1: Contact_Date | D1: Contact_Method | E1: Response_Status | F1: Follow_Up_Date | G1: Escalation_Flag | H1: Source | I1: Follow_Up_Stage
A2: VND-225 | B2: =IF(COUNTIFS(Sustainability_Documents!A:A,$A2,Sustainability_Documents!H:H,"Missing")>0, "Missing Documents", IF(COUNTIFS(Sustainability_Documents!A:A,$A2,Sustainability_Documents!H:H,"Expired")>0, "Expired Documents", IF(COUNTIFS(Sustainability_Documents!A:A,$A2,Sustainability_Documents!H:H,"Expiring Soon")>0, "Expiring Soon Documents", "Compliant"))) -> Expiring Soon Documents | C2: 46071 | D2: Email | E2: Pending | F2: =IF($A2="","", IF($E2="Pending",$C2+7, IF($E2="Escalated",$C2+3, IF($E2="Responded","Closed","")))) -> 46078 | G2: =IF($A2="","", IF(OR($E2="Escalated",$B2="Missing Documents",$B2="Expired Documents",$B2="Unresolved High Incident"),"Yes","No")) -> No | H2: Documents | I2: =IF(TODAY()-C2<=30,"30 Day", IF(TODAY()-C2<=60,"60 Day", IF(TODAY()-C2<=90,"90 Day","Over 90 Days"))) -> 30 Day
A3: VND-226 | B3: =IF(COUNTIFS(Sustainability_Documents!A:A,$A3,Sustainability_Documents!H:H,"Missing")>0, "Missing Documents", IF(COUNTIFS(Sustainability_Documents!A:A,$A3,Sustainability_Documents!H:H,"Expired")>0, "Expired Documents", IF(COUNTIFS(Sustainability_Documents!A:A,$A3,Sustainability_Documents!H:H,"Expiring Soon")>0, "Expiring Soon Documents", "Compliant"))) -> Expiring Soon Documents | C3: 46079 | D3: Email | E3: Responded | F3: =IF($A3="","", IF($E3="Pending",$C3+7, IF($E3="Escalated",$C3+3, IF($E3="Responded","Closed","")))) -> Closed | G3: =IF($A3="","", IF(OR($E3="Escalated",$B3="Missing Documents",$B3="Expired Documents",$B3="Unresolved High Incident"),"Yes","No")) -> No | H3: Documents | I3: =IF(TODAY()-C3<=30,"30 Day", IF(TODAY()-C3<=60,"60 Day", IF(TODAY()-C3<=90,"90 Day","Over 90 Days"))) -> 30 Day
A4: VND-227 | B4: =IF(COUNTIFS(Sustainability_Documents!A:A,$A4,Sustainability_Documents!H:H,"Missing")>0, "Missing Documents", IF(COUNTIFS(Sustainability_Documents!A:A,$A4,Sustainability_Documents!H:H,"Expired")>0, "Expired Documents", IF(COUNTIFS(Sustainability_Documents!A:A,$A4,Sustainability_Documents!H:H,"Expiring Soon")>0, "Expiring Soon Documents", "Compliant"))) -> Expiring Soon Documents | C4: 46080 | D4: Email | E4: Pending | F4: =IF($A4="","", IF($E4="Pending",$C4+7, IF($E4="Escalated",$C4+3, IF($E4="Responded","Closed","")))) -> 46087 | G4: =IF($A4="","", IF(OR($E4="Escalated",$B4="Missing Documents",$B4="Expired Documents",$B4="Unresolved High Incident"),"Yes","No")) -> No | H4: Documents | I4: =IF(TODAY()-C4<=30,"30 Day", IF(TODAY()-C4<=60,"60 Day", IF(TODAY()-C4<=90,"90 Day","Over 90 Days"))) -> 30 Day
A5: VND-228 | B5: =IF(COUNTIFS(Sustainability_Documents!A:A,$A5,Sustainability_Documents!H:H,"Missing")>0, "Missing Documents", IF(COUNTIFS(Sustainability_Documents!A:A,$A5,Sustainability_Documents!H:H,"Expired")>0, "Expired Documents", IF(COUNTIFS(Sustainability_Documents!A:A,$A5,Sustainability_Documents!H:H,"Expiring Soon")>0, "Expiring Soon Documents", "Compliant"))) -> Expiring Soon Documents | C5: 46081 | D5: Email | E5: Pending | F5: =IF($A5="","", IF($E5="Pending",$C5+7, IF($E5="Escalated",$C5+3, IF($E5="Responded","Closed","")))) -> 46088 | G5: =IF($A5="","", IF(OR($E5="Escalated",$B5="Missing Documents",$B5="Expired Documents",$B5="Unresolved High Incident"),"Yes","No")) -> No | H5: Documents | I5: =IF(TODAY()-C5<=30,"30 Day", IF(TODAY()-C5<=60,"60 Day", IF(TODAY()-C5<=90,"90 Day","Over 90 Days"))) -> 30 Day
A6: VND-229 | B6: =IF(COUNTIFS(Sustainability_Documents!A:A,$A6,Sustainability_Documents!H:H,"Missing")>0, "Missing Documents", IF(COUNTIFS(Sustainability_Documents!A:A,$A6,Sustainability_Documents!H:H,"Expired")>0, "Expired Documents", IF(COUNTIFS(Sustainability_Documents!A:A,$A6,Sustainability_Documents!H:H,"Expiring Soon")>0, "Expiring Soon Documents", "Compliant"))) -> Expiring Soon Documents | C6: 46072 | D6: Email | E6: Responded | F6: =IF($A6="","", IF($E6="Pending",$C6+7, IF($E6="Escalated",$C6+3, IF($E6="Responded","Closed","")))) -> Closed | G6: =IF($A6="","", IF(OR($E6="Escalated",$B6="Missing Documents",$B6="Expired Documents",$B6="Unresolved High Incident"),"Yes","No")) -> No | H6: Documents | I6: =IF(TODAY()-C6<=30,"30 Day", IF(TODAY()-C6<=60,"60 Day", IF(TODAY()-C6<=90,"90 Day","Over 90 Days"))) -> 30 Day
A7: VND-230 | B7: =IF(COUNTIFS(Sustainability_Documents!A:A,$A7,Sustainability_Documents!H:H,"Missing")>0, "Missing Documents", IF(COUNTIFS(Sustainability_Documents!A:A,$A7,Sustainability_Documents!H:H,"Expired")>0, "Expired Documents", IF(COUNTIFS(Sustainability_Documents!A:A,$A7,Sustainability_Documents!H:H,"Expiring Soon")>0, "Expiring Soon Documents", "Compliant"))) -> Expiring Soon Documents | C7: 46078 | D7: Email | E7: Pending | F7: =IF($A7="","", IF($E7="Pending",$C7+7, IF($E7="Escalated",$C7+3, IF($E7="Responded","Closed","")))) -> 46085 | G7: =IF($A7="","", IF(OR($E7="Escalated",$B7="Missing Documents",$B7="Expired Documents",$B7="Unresolved High Incident"),"Yes","No")) -> No | H7: Documents | I7: =IF(TODAY()-C7<=30,"30 Day", IF(TODAY()-C7<=60,"60 Day", IF(TODAY()-C7<=90,"90 Day","Over 90 Days"))) -> 30 Day
A8: VND-231 | B8: =IF(COUNTIFS(Sustainability_Documents!A:A,$A8,Sustainability_Documents!H:H,"Missing")>0, "Missing Documents", IF(COUNTIFS(Sustainability_Documents!A:A,$A8,Sustainability_Documents!H:H,"Expired")>0, "Expired Documents", IF(COUNTIFS(Sustainability_Documents!A:A,$A8,Sustainability_Documents!H:H,"Expiring Soon")>0, "Expiring Soon Documents", "Compliant"))) -> Expiring Soon Documents | C8: 46073 | D8: Email | E8: Pending | F8: =IF($A8="","", IF($E8="Pending",$C8+7, IF($E8="Escalated",$C8+3, IF($E8="Responded","Closed","")))) -> 46080 | G8: =IF($A8="","", IF(OR($E8="Escalated",$B8="Missing Documents",$B8="Expired Documents",$B8="Unresolved High Incident"),"Yes","No")) -> No | H8: Documents | I8: =IF(TODAY()-C8<=30,"30 Day", IF(TODAY()-C8<=60,"60 Day", IF(TODAY()-C8<=90,"90 Day","Over 90 Days"))) -> 30 Day
A9: VND-232 | B9: =IF(COUNTIFS(Sustainability_Documents!A:A,$A9,Sustainability_Documents!H:H,"Missing")>0, "Missing Documents", IF(COUNTIFS(Sustainability_Documents!A:A,$A9,Sustainability_Documents!H:H,"Expired")>0, "Expired Documents", IF(COUNTIFS(Sustainability_Documents!A:A,$A9,Sustainability_Documents!H:H,"Expiring Soon")>0, "Expiring Soon Documents", "Compliant"))) -> Expired Documents | C9: 46069 | D9: Email | E9: Pending | F9: =IF($A9="","", IF($E9="Pending",$C9+7, IF($E9="Escalated",$C9+3, IF($E9="Responded","Closed","")))) -> 46076 | G9: =IF($A9="","", IF(OR($E9="Escalated",$B9="Missing Documents",$B9="Expired Documents",$B9="Unresolved High Incident"),"Yes","No")) -> Yes | H9: Documents | I9: =IF(TODAY()-C9<=30,"30 Day", IF(TODAY()-C9<=60,"60 Day", IF(TODAY()-C9<=90,"90 Day","Over 90 Days"))) -> 30 Day
A10: VND-233 | B10: =IF(COUNTIFS(Sustainability_Documents!A:A,$A10,Sustainability_Documents!H:H,"Missing")>0, "Missing Documents", IF(COUNTIFS(Sustainability_Documents!A:A,$A10,Sustainability_Documents!H:H,"Expired")>0, "Expired Documents", IF(COUNTIFS(Sustainability_Documents!A:A,$A10,Sustainability_Documents!H:H,"Expiring Soon")>0, "Expiring Soon Documents", "Compliant"))) -> Expiring Soon Documents | C10: 46074 | D10: Email | E10: Pending | F10: =IF($A10="","", IF($E10="Pending",$C10+7, IF($E10="Escalated",$C10+3, IF($E10="Responded","Closed","")))) -> 46081 | G10: =IF($A10="","", IF(OR($E10="Escalated",$B10="Missing Documents",$B10="Expired Documents",$B10="Unresolved High Incident"),"Yes","No")) -> No | H10: Documents | I10: =IF(TODAY()-C10<=30,"30 Day", IF(TODAY()-C10<=60,"60 Day", IF(TODAY()-C10<=90,"90 Day","Over 90 Days"))) -> 30 Day
A11: VND-234 | B11: =IF(COUNTIFS(Sustainability_Documents!A:A,$A11,Sustainability_Documents!H:H,"Missing")>0, "Missing Documents", IF(COUNTIFS(Sustainability_Documents!A:A,$A11,Sustainability_Documents!H:H,"Expired")>0, "Expired Documents", IF(COUNTIFS(Sustainability_Documents!A:A,$A11,Sustainability_Documents!H:H,"Expiring Soon")>0, "Expiring Soon Documents", "Compliant"))) -> Expiring Soon Documents | C11: 46077 | D11: Email | E11: Responded | F11: =IF($A11="","", IF($E11="Pending",$C11+7, IF($E11="Escalated",$C11+3, IF($E11="Responded","Closed","")))) -> Closed | G11: =IF($A11="","", IF(OR($E11="Escalated",$B11="Missing Documents",$B11="Expired Documents",$B11="Unresolved High Incident"),"Yes","No")) -> No | H11: Documents | I11: =IF(TODAY()-C11<=30,"30 Day", IF(TODAY()-C11<=60,"60 Day", IF(TODAY()-C11<=90,"90 Day","Over 90 Days"))) -> 30 Day
A12: VND-235 | B12: =IF(COUNTIFS(Sustainability_Documents!A:A,$A12,Sustainability_Documents!H:H,"Missing")>0, "Missing Documents", IF(COUNTIFS(Sustainability_Documents!A:A,$A12,Sustainability_Documents!H:H,"Expired")>0, "Expired Documents", IF(COUNTIFS(Sustainability_Documents!A:A,$A12,Sustainability_Documents!H:H,"Expiring Soon")>0, "Expiring Soon Documents", "Compliant"))) -> Expiring Soon Documents | C12: 46073 | D12: Email | E12: Responded | F12: =IF($A12="","", IF($E12="Pending",$C12+7, IF($E12="Escalated",$C12+3, IF($E12="Responded","Closed","")))) -> Closed | G12: =IF($A12="","", IF(OR($E12="Escalated",$B12="Missing Documents",$B12="Expired Documents",$B12="Unresolved High Incident"),"Yes","No")) -> No | H12: Documents | I12: =IF(TODAY()-C12<=30,"30 Day", IF(TODAY()-C12<=60,"60 Day", IF(TODAY()-C12<=90,"90 Day","Over 90 Days"))) -> 30 Day
A13: VND-236 | B13: =IF(COUNTIFS(Sustainability_Documents!A:A,$A13,Sustainability_Documents!H:H,"Missing")>0, "Missing Documents", IF(COUNTIFS(Sustainability_Documents!A:A,$A13,Sustainability_Documents!H:H,"Expired")>0, "Expired Documents", IF(COUNTIFS(Sustainability_Documents!A:A,$A13,Sustainability_Documents!H:H,"Expiring Soon")>0, "Expiring Soon Documents", "Compliant"))) -> Expiring Soon Documents | C13: 46071 | D13: Email | E13: Responded | F13: =IF($A13="","", IF($E13="Pending",$C13+7, IF($E13="Escalated",$C13+3, IF($E13="Responded","Closed","")))) -> Closed | G13: =IF($A13="","", IF(OR($E13="Escalated",$B13="Missing Documents",$B13="Expired Documents",$B13="Unresolved High Incident"),"Yes","No")) -> No | H13: Documents | I13: =IF(TODAY()-C13<=30,"30 Day", IF(TODAY()-C13<=60,"60 Day", IF(TODAY()-C13<=90,"90 Day","Over 90 Days"))) -> 30 Day
... A177: VND-400 | B177: =IF(COUNTIFS(Sustainability_Documents!A:A,$A177,Sustainability_Documents!H:H,"Missing")>0, "Missing Documents", IF(COUNTIFS(Sustainability_Documents!A:A,$A177,Sustainability_Documents!H:H,"Expired")>0, "Expired Documents", IF(COUNTIFS(Sustainability_Documents!A:A,$A177,Sustainability_Documents!H:H,"Expiring Soon")>0, "Expiring Soon Documents", "Compliant"))) -> Missing Documents | C177: 46079 | D177: Email | E177: Responded | F177: =IF($A177="","", IF($E177="Pending",$C177+7, IF($E177="Escalated",$C177+3, IF($E177="Responded","Closed","")))) -> Closed | G177: =IF($A177="","", IF(OR($E177="Escalated",$B177="Missing Documents",$B177="Expired Documents",$B177="Unresolved High Incident"),"Yes","No")) -> Yes | H177: Documents | I177: =IF(TODAY()-C177<=30,"30 Day", IF(TODAY()-C177<=60,"60 Day", IF(TODAY()-C177<=90,"90 Day","Over 90 Days"))) -> 30 Day
F178: =IF($A178="","", IF($E178="Pending",$C178+7, IF($E178="Escalated",$C178+3,""))) | G178: =IF($A178="","", IF(OR($E178="Escalated",$B178="Missing Documents",$B178="Expired Documents",$B178="Unresolved High Incident"),"Yes","No"))
F179: =IF($A179="","", IF($E179="Pending",$C179+7, IF($E179="Escalated",$C179+3,""))) | G179: =IF($A179="","", IF(OR($E179="Escalated",$B179="Missing Documents",$B179="Expired Documents",$B179="Unresolved High Incident"),"Yes","No"))
F180: =IF($A180="","", IF($E180="Pending",$C180+7, IF($E180="Escalated",$C180+3,""))) | G180: =IF($A180="","", IF(OR($E180="Escalated",$B180="Missing Documents",$B180="Expired Documents",$B180="Unresolved High Incident"),"Yes","No"))
F181: =IF($A181="","", IF($E181="Pending",$C181+7, IF($E181="Escalated",$C181+3,""))) | G181: =IF($A181="","", IF(OR($E181="Escalated",$B181="Missing Documents",$B181="Expired Documents",$B181="Unresolved High Incident"),"Yes","No"))
F182: =IF($A182="","", IF($E182="Pending",$C182+7, IF($E182="Escalated",$C182+3,""))) | G182: =IF($A182="","", IF(OR($E182="Escalated",$B182="Missing Documents",$B182="Expired Documents",$B182="Unresolved High Incident"),"Yes","No"))
F183: =IF($A183="","", IF($E183="Pending",$C183+7, IF($E183="Escalated",$C183+3,""))) | G183: =IF($A183="","", IF(OR($E183="Escalated",$B183="Missing Documents",$B183="Expired Documents",$B183="Unresolved High Incident"),"Yes","No"))
F184: =IF($A184="","", IF($E184="Pending",$C184+7, IF($E184="Escalated",$C184+3,""))) | G184: =IF($A184="","", IF(OR($E184="Escalated",$B184="Missing Documents",$B184="Expired Documents",$B184="Unresolved High Incident"),"Yes","No"))
F185: =IF($A185="","", IF($E185="Pending",$C185+7, IF($E185="Escalated",$C185+3,""))) | G185: =IF($A185="","", IF(OR($E185="Escalated",$B185="Missing Documents",$B185="Expired Documents",$B185="Unresolved High Incident"),"Yes","No"))
F186: =IF($A186="","", IF($E186="Pending",$C186+7, IF($E186="Escalated",$C186+3,""))) | G186: =IF($A186="","", IF(OR($E186="Escalated",$B186="Missing Documents",$B186="Expired Documents",$B186="Unresolved High Incident"),"Yes","No"))
F187: =IF($A187="","", IF($E187="Pending",$C187+7, IF($E187="Escalated",$C187+3,""))) | G187: =IF($A187="","", IF(OR($E187="Escalated",$B187="Missing Documents",$B187="Expired Documents",$B187="Unresolved High Incident"),"Yes","No"))
F188: =IF($A188="","", IF($E188="Pending",$C188+7, IF($E188="Escalated",$C188+3,""))) | G188: =IF($A188="","", IF(OR($E188="Escalated",$B188="Missing Documents",$B188="Expired Documents",$B188="Unresolved High Incident"),"Yes","No"))
F189: =IF($A189="","", IF($E189="Pending",$C189+7, IF($E189="Escalated",$C189+3,""))) | G189: =IF($A189="","", IF(OR($E189="Escalated",$B189="Missing Documents",$B189="Expired Documents",$B189="Unresolved High Incident"),"Yes","No"))
... F200: =IF($A200="","", IF($E200="Pending",$C200+7, IF($E200="Escalated",$C200+3,""))) | G200: =IF($A200="","", IF(OR($E200="Escalated",$B200="Missing Documents",$B200="Expired Documents",$B200="Unresolved High Incident"),"Yes","No"))

Sheet Compliance_Sheet
A1: Vendor_ID | B1: Vendor_Name | C1: Vendor_Category | D1: Region | E1: Annual_Spend | F1: Primary_Contact_Email | G1: Missing_Docs | H1: Expired_Docs | I1: ExpiringSoon_Docs | J1: Total_Required_Docs | K1: Doc_Completeness_Pct | L1: Escalation_Count | M1: Open_FollowUps | N1: Unresolved_High_Incidents | O1: Compliance_Classification | P1: Risk_Score | Q1: Spend_Weighted_Risk | R1: Priority_Rank
A2: {=_xlfn._xlws.SORT(Vendor_Master!A2)} -> VND-001 | B2: =_xlfn.XLOOKUP(Compliance_Sheet!A2,Vendor_Master!A2,Vendor_Master!B2,"") -> Vendor_001 | C2: =_xlfn.XLOOKUP(A2,Vendor_Master!A2,Vendor_Master!C2,"") -> Waste Services | D2: =_xlfn.XLOOKUP(A2,Vendor_Master!A2,Vendor_Master!D2,"") -> East | E2: =_xlfn.XLOOKUP(A2,Vendor_Master!A2,Vendor_Master!E2,0) -> 3195278 | F2: =_xlfn.XLOOKUP(A2,Vendor_Master!A2,Vendor_Master!H2,"") -> contact1@vendor.com | G2: =COUNTIFS(Sustainability_Documents!$A:$A,$A2,Sustainability_Documents!$H:$H,"Missing") -> 0 | H2: =COUNTIFS(Sustainability_Documents!$A:$A,$A2,Sustainability_Documents!$H:$H,"Expired") -> 0 | I2: =COUNTIFS(Sustainability_Documents!$A:$A,$A2,Sustainability_Documents!$H:$H,"Expiring Soon") -> 0 | J2: =COUNTIFS(Sustainability_Documents!$A:$A,$A2,Sustainability_Documents!$C:$C,"Yes") -> 4 | K2: =IF($J2=0,"",($J2-$G2-$H2)/$J2) -> 1 | L2: =COUNTIFS(OutReach_Log!$A:$A,$A2,OutReach_Log!$G:$G,"Yes") -> 0 | M2: =COUNTIFS(OutReach_Log!$A:$A,$A2,OutReach_Log!$E:$E,"Pending") +COUNTIFS(OutReach_Log!$A:$A,$A2,OutReach_Log!$E:$E,"Escalated") -> 0 | N2: =COUNTIFS(Incident_Log!$A:$A,$A2,Incident_Log!$C:$C,"High",Incident_Log!$E:$E,"No") -> 0 | O2: =IF(OR(H2>0,I2>0,N2>0), "High Attention Required", IF(J2>0, "Attention Required", "Fully Compliant" ) ) -> Attention Required | P2: =($G2*40)+($H2*30)+($I2*10)+($N2*50)+IF($L2>0,20,0) -> 0 | Q2: =E2*(P2/100) -> 0 | R2: =_xlfn.RANK.EQ($Q2,$Q$2:$Q$401,0) -> 180
A3: {=_xlfn._xlws.SORT(Vendor_Master!A3)} -> VND-002 | B3: =_xlfn.XLOOKUP(Compliance_Sheet!A3,Vendor_Master!A3,Vendor_Master!B3,"") -> Vendor_002 | C3: =_xlfn.XLOOKUP(A3,Vendor_Master!A3,Vendor_Master!C3,"") -> Waste Services | D3: =_xlfn.XLOOKUP(A3,Vendor_Master!A3,Vendor_Master!D3,"") -> East | E3: =_xlfn.XLOOKUP(A3,Vendor_Master!A3,Vendor_Master!E3,0) -> 1899565 | F3: =_xlfn.XLOOKUP(A3,Vendor_Master!A3,Vendor_Master!H3,"") -> contact2@vendor.com | G3: =COUNTIFS(Sustainability_Documents!$A:$A,$A3,Sustainability_Documents!$H:$H,"Missing") -> 0 | H3: =COUNTIFS(Sustainability_Documents!$A:$A,$A3,Sustainability_Documents!$H:$H,"Expired") -> 0 | I3: =COUNTIFS(Sustainability_Documents!$A:$A,$A3,Sustainability_Documents!$H:$H,"Expiring Soon") -> 0 | J3: =COUNTIFS(Sustainability_Documents!$A:$A,$A3,Sustainability_Documents!$C:$C,"Yes") -> 4 | K3: =IF($J3=0,"",($J3-$G3-$H3)/$J3) -> 1 | L3: =COUNTIFS(OutReach_Log!$A:$A,$A3,OutReach_Log!$G:$G,"Yes") -> 0 | M3: =COUNTIFS(OutReach_Log!$A:$A,$A3,OutReach_Log!$E:$E,"Pending") +COUNTIFS(OutReach_Log!$A:$A,$A3,OutReach_Log!$E:$E,"Escalated") -> 0 | N3: =COUNTIFS(Incident_Log!$A:$A,$A3,Incident_Log!$C:$C,"High",Incident_Log!$E:$E,"No") -> 0 | O3: =IF(OR(H3>0,I3>0,N3>0), "High Attention Required", IF(J3>0, "Attention Required", "Fully Compliant" ) ) -> Attention Required | P3: =($G3*40)+($H3*30)+($I3*10)+($N3*50)+IF($L3>0,20,0) -> 0 | Q3: =E3*(P3/100) -> 0 | R3: =_xlfn.RANK.EQ($Q3,$Q$2:$Q$401,0) -> 180
A4: {=_xlfn._xlws.SORT(Vendor_Master!A4)} -> VND-003 | B4: =_xlfn.XLOOKUP(Compliance_Sheet!A4,Vendor_Master!A4,Vendor_Master!B4,"") -> Vendor_003 | C4: =_xlfn.XLOOKUP(A4,Vendor_Master!A4,Vendor_Master!C4,"") -> Waste Services | D4: =_xlfn.XLOOKUP(A4,Vendor_Master!A4,Vendor_Master!D4,"") -> East | E4: =_xlfn.XLOOKUP(A4,Vendor_Master!A4,Vendor_Master!E4,0) -> 3318457 | F4: =_xlfn.XLOOKUP(A4,Vendor_Master!A4,Vendor_Master!H4,"") -> contact3@vendor.com | G4: =COUNTIFS(Sustainability_Documents!$A:$A,$A4,Sustainability_Documents!$H:$H,"Missing") -> 0 | H4: =COUNTIFS(Sustainability_Documents!$A:$A,$A4,Sustainability_Documents!$H:$H,"Expired") -> 0 | I4: =COUNTIFS(Sustainability_Documents!$A:$A,$A4,Sustainability_Documents!$H:$H,"Expiring Soon") -> 0 | J4: =COUNTIFS(Sustainability_Documents!$A:$A,$A4,Sustainability_Documents!$C:$C,"Yes") -> 4 | K4: =IF($J4=0,"",($J4-$G4-$H4)/$J4) -> 1 | L4: =COUNTIFS(OutReach_Log!$A:$A,$A4,OutReach_Log!$G:$G,"Yes") -> 0 | M4: =COUNTIFS(OutReach_Log!$A:$A,$A4,OutReach_Log!$E:$E,"Pending") +COUNTIFS(OutReach_Log!$A:$A,$A4,OutReach_Log!$E:$E,"Escalated") -> 0 | N4: =COUNTIFS(Incident_Log!$A:$A,$A4,Incident_Log!$C:$C,"High",Incident_Log!$E:$E,"No") -> 0 | O4: =IF(OR(H4>0,I4>0,N4>0), "High Attention Required", IF(J4>0, "Attention Required", "Fully Compliant" ) ) -> Attention Required | P4: =($G4*40)+($H4*30)+($I4*10)+($N4*50)+IF($L4>0,20,0) -> 0 | Q4: =E4*(P4/100) -> 0 | R4: =_xlfn.RANK.EQ($Q4,$Q$2:$Q$401,0) -> 180
A5: {=_xlfn._xlws.SORT(Vendor_Master!A5)} -> VND-004 | B5: =_xlfn.XLOOKUP(Compliance_Sheet!A5,Vendor_Master!A5,Vendor_Master!B5,"") -> Vendor_004 | C5: =_xlfn.XLOOKUP(A5,Vendor_Master!A5,Vendor_Master!C5,"") -> Waste Services | D5: =_xlfn.XLOOKUP(A5,Vendor_Master!A5,Vendor_Master!D5,"") -> East | E5: =_xlfn.XLOOKUP(A5,Vendor_Master!A5,Vendor_Master!E5,0) -> 3125237 | F5: =_xlfn.XLOOKUP(A5,Vendor_Master!A5,Vendor_Master!H5,"") -> contact4@vendor.com | G5: =COUNTIFS(Sustainability_Documents!$A:$A,$A5,Sustainability_Documents!$H:$H,"Missing") -> 0 | H5: =COUNTIFS(Sustainability_Documents!$A:$A,$A5,Sustainability_Documents!$H:$H,"Expired") -> 0 | I5: =COUNTIFS(Sustainability_Documents!$A:$A,$A5,Sustainability_Documents!$H:$H,"Expiring Soon") -> 0 | J5: =COUNTIFS(Sustainability_Documents!$A:$A,$A5,Sustainability_Documents!$C:$C,"Yes") -> 4 | K5: =IF($J5=0,"",($J5-$G5-$H5)/$J5) -> 1 | L5: =COUNTIFS(OutReach_Log!$A:$A,$A5,OutReach_Log!$G:$G,"Yes") -> 0 | M5: =COUNTIFS(OutReach_Log!$A:$A,$A5,OutReach_Log!$E:$E,"Pending") +COUNTIFS(OutReach_Log!$A:$A,$A5,OutReach_Log!$E:$E,"Escalated") -> 0 | N5: =COUNTIFS(Incident_Log!$A:$A,$A5,Incident_Log!$C:$C,"High",Incident_Log!$E:$E,"No") -> 0 | O5: =IF(OR(H5>0,I5>0,N5>0), "High Attention Required", IF(J5>0, "Attention Required", "Fully Compliant" ) ) -> Attention Required | P5: =($G5*40)+($H5*30)+($I5*10)+($N5*50)+IF($L5>0,20,0) -> 0 | Q5: =E5*(P5/100) -> 0 | R5: =_xlfn.RANK.EQ($Q5,$Q$2:$Q$401,0) -> 180
A6: {=_xlfn._xlws.SORT(Vendor_Master!A6)} -> VND-005 | B6: =_xlfn.XLOOKUP(Compliance_Sheet!A6,Vendor_Master!A6,Vendor_Master!B6,"") -> Vendor_005 | C6: =_xlfn.XLOOKUP(A6,Vendor_Master!A6,Vendor_Master!C6,"") -> Waste Services | D6: =_xlfn.XLOOKUP(A6,Vendor_Master!A6,Vendor_Master!D6,"") -> East | E6: =_xlfn.XLOOKUP(A6,Vendor_Master!A6,Vendor_Master!E6,0) -> 2761058 | F6: =_xlfn.XLOOKUP(A6,Vendor_Master!A6,Vendor_Master!H6,"") -> contact5@vendor.com | G6: =COUNTIFS(Sustainability_Documents!$A:$A,$A6,Sustainability_Documents!$H:$H,"Missing") -> 0 | H6: =COUNTIFS(Sustainability_Documents!$A:$A,$A6,Sustainability_Documents!$H:$H,"Expired") -> 0 | I6: =COUNTIFS(Sustainability_Documents!$A:$A,$A6,Sustainability_Documents!$H:$H,"Expiring Soon") -> 0 | J6: =COUNTIFS(Sustainability_Documents!$A:$A,$A6,Sustainability_Documents!$C:$C,"Yes") -> 4 | K6: =IF($J6=0,"",($J6-$G6-$H6)/$J6) -> 1 | L6: =COUNTIFS(OutReach_Log!$A:$A,$A6,OutReach_Log!$G:$G,"Yes") -> 0 | M6: =COUNTIFS(OutReach_Log!$A:$A,$A6,OutReach_Log!$E:$E,"Pending") +COUNTIFS(OutReach_Log!$A:$A,$A6,OutReach_Log!$E:$E,"Escalated") -> 0 | N6: =COUNTIFS(Incident_Log!$A:$A,$A6,Incident_Log!$C:$C,"High",Incident_Log!$E:$E,"No") -> 0 | O6: =IF(OR(H6>0,I6>0,N6>0), "High Attention Required", IF(J6>0, "Attention Required", "Fully Compliant" ) ) -> Attention Required | P6: =($G6*40)+($H6*30)+($I6*10)+($N6*50)+IF($L6>0,20,0) -> 0 | Q6: =E6*(P6/100) -> 0 | R6: =_xlfn.RANK.EQ($Q6,$Q$2:$Q$401,0) -> 180
A7: {=_xlfn._xlws.SORT(Vendor_Master!A7)} -> VND-006 | B7: =_xlfn.XLOOKUP(Compliance_Sheet!A7,Vendor_Master!A7,Vendor_Master!B7,"") -> Vendor_006 | C7: =_xlfn.XLOOKUP(A7,Vendor_Master!A7,Vendor_Master!C7,"") -> Waste Services | D7: =_xlfn.XLOOKUP(A7,Vendor_Master!A7,Vendor_Master!D7,"") -> East | E7: =_xlfn.XLOOKUP(A7,Vendor_Master!A7,Vendor_Master!E7,0) -> 3224304 | F7: =_xlfn.XLOOKUP(A7,Vendor_Master!A7,Vendor_Master!H7,"") -> contact6@vendor.com | G7: =COUNTIFS(Sustainability_Documents!$A:$A,$A7,Sustainability_Documents!$H:$H,"Missing") -> 0 | H7: =COUNTIFS(Sustainability_Documents!$A:$A,$A7,Sustainability_Documents!$H:$H,"Expired") -> 0 | I7: =COUNTIFS(Sustainability_Documents!$A:$A,$A7,Sustainability_Documents!$H:$H,"Expiring Soon") -> 0 | J7: =COUNTIFS(Sustainability_Documents!$A:$A,$A7,Sustainability_Documents!$C:$C,"Yes") -> 4 | K7: =IF($J7=0,"",($J7-$G7-$H7)/$J7) -> 1 | L7: =COUNTIFS(OutReach_Log!$A:$A,$A7,OutReach_Log!$G:$G,"Yes") -> 0 | M7: =COUNTIFS(OutReach_Log!$A:$A,$A7,OutReach_Log!$E:$E,"Pending") +COUNTIFS(OutReach_Log!$A:$A,$A7,OutReach_Log!$E:$E,"Escalated") -> 0 | N7: =COUNTIFS(Incident_Log!$A:$A,$A7,Incident_Log!$C:$C,"High",Incident_Log!$E:$E,"No") -> 0 | O7: =IF(OR(H7>0,I7>0,N7>0), "High Attention Required", IF(J7>0, "Attention Required", "Fully Compliant" ) ) -> Attention Required | P7: =($G7*40)+($H7*30)+($I7*10)+($N7*50)+IF($L7>0,20,0) -> 0 | Q7: =E7*(P7/100) -> 0 | R7: =_xlfn.RANK.EQ($Q7,$Q$2:$Q$401,0) -> 180
A8: {=_xlfn._xlws.SORT(Vendor_Master!A8)} -> VND-007 | B8: =_xlfn.XLOOKUP(Compliance_Sheet!A8,Vendor_Master!A8,Vendor_Master!B8,"") -> Vendor_007 | C8: =_xlfn.XLOOKUP(A8,Vendor_Master!A8,Vendor_Master!C8,"") -> Waste Services | D8: =_xlfn.XLOOKUP(A8,Vendor_Master!A8,Vendor_Master!D8,"") -> East | E8: =_xlfn.XLOOKUP(A8,Vendor_Master!A8,Vendor_Master!E8,0) -> 2844080 | F8: =_xlfn.XLOOKUP(A8,Vendor_Master!A8,Vendor_Master!H8,"") -> contact7@vendor.com | G8: =COUNTIFS(Sustainability_Documents!$A:$A,$A8,Sustainability_Documents!$H:$H,"Missing") -> 0 | H8: =COUNTIFS(Sustainability_Documents!$A:$A,$A8,Sustainability_Documents!$H:$H,"Expired") -> 0 | I8: =COUNTIFS(Sustainability_Documents!$A:$A,$A8,Sustainability_Documents!$H:$H,"Expiring Soon") -> 0 | J8: =COUNTIFS(Sustainability_Documents!$A:$A,$A8,Sustainability_Documents!$C:$C,"Yes") -> 4 | K8: =IF($J8=0,"",($J8-$G8-$H8)/$J8) -> 1 | L8: =COUNTIFS(OutReach_Log!$A:$A,$A8,OutReach_Log!$G:$G,"Yes") -> 0 | M8: =COUNTIFS(OutReach_Log!$A:$A,$A8,OutReach_Log!$E:$E,"Pending") +COUNTIFS(OutReach_Log!$A:$A,$A8,OutReach_Log!$E:$E,"Escalated") -> 0 | N8: =COUNTIFS(Incident_Log!$A:$A,$A8,Incident_Log!$C:$C,"High",Incident_Log!$E:$E,"No") -> 0 | O8: =IF(OR(H8>0,I8>0,N8>0), "High Attention Required", IF(J8>0, "Attention Required", "Fully Compliant" ) ) -> Attention Required | P8: =($G8*40)+($H8*30)+($I8*10)+($N8*50)+IF($L8>0,20,0) -> 0 | Q8: =E8*(P8/100) -> 0 | R8: =_xlfn.RANK.EQ($Q8,$Q$2:$Q$401,0) -> 180
A9: {=_xlfn._xlws.SORT(Vendor_Master!A9)} -> VND-008 | B9: =_xlfn.XLOOKUP(Compliance_Sheet!A9,Vendor_Master!A9,Vendor_Master!B9,"") -> Vendor_008 | C9: =_xlfn.XLOOKUP(A9,Vendor_Master!A9,Vendor_Master!C9,"") -> Waste Services | D9: =_xlfn.XLOOKUP(A9,Vendor_Master!A9,Vendor_Master!D9,"") -> East | E9: =_xlfn.XLOOKUP(A9,Vendor_Master!A9,Vendor_Master!E9,0) -> 3354223 | F9: =_xlfn.XLOOKUP(A9,Vendor_Master!A9,Vendor_Master!H9,"") -> contact8@vendor.com | G9: =COUNTIFS(Sustainability_Documents!$A:$A,$A9,Sustainability_Documents!$H:$H,"Missing") -> 0 | H9: =COUNTIFS(Sustainability_Documents!$A:$A,$A9,Sustainability_Documents!$H:$H,"Expired") -> 0 | I9: =COUNTIFS(Sustainability_Documents!$A:$A,$A9,Sustainability_Documents!$H:$H,"Expiring Soon") -> 0 | J9: =COUNTIFS(Sustainability_Documents!$A:$A,$A9,Sustainability_Documents!$C:$C,"Yes") -> 4 | K9: =IF($J9=0,"",($J9-$G9-$H9)/$J9) -> 1 | L9: =COUNTIFS(OutReach_Log!$A:$A,$A9,OutReach_Log!$G:$G,"Yes") -> 0 | M9: =COUNTIFS(OutReach_Log!$A:$A,$A9,OutReach_Log!$E:$E,"Pending") +COUNTIFS(OutReach_Log!$A:$A,$A9,OutReach_Log!$E:$E,"Escalated") -> 0 | N9: =COUNTIFS(Incident_Log!$A:$A,$A9,Incident_Log!$C:$C,"High",Incident_Log!$E:$E,"No") -> 0 | O9: =IF(OR(H9>0,I9>0,N9>0), "High Attention Required", IF(J9>0, "Attention Required", "Fully Compliant" ) ) -> Attention Required | P9: =($G9*40)+($H9*30)+($I9*10)+($N9*50)+IF($L9>0,20,0) -> 0 | Q9: =E9*(P9/100) -> 0 | R9: =_xlfn.RANK.EQ($Q9,$Q$2:$Q$401,0) -> 180
A10: {=_xlfn._xlws.SORT(Vendor_Master!A10)} -> VND-009 | B10: =_xlfn.XLOOKUP(Compliance_Sheet!A10,Vendor_Master!A10,Vendor_Master!B10,"") -> Vendor_009 | C10: =_xlfn.XLOOKUP(A10,Vendor_Master!A10,Vendor_Master!C10,"") -> Waste Services | D10: =_xlfn.XLOOKUP(A10,Vendor_Master!A10,Vendor_Master!D10,"") -> East | E10: =_xlfn.XLOOKUP(A10,Vendor_Master!A10,Vendor_Master!E10,0) -> 3652769 | F10: =_xlfn.XLOOKUP(A10,Vendor_Master!A10,Vendor_Master!H10,"") -> contact9@vendor.com | G10: =COUNTIFS(Sustainability_Documents!$A:$A,$A10,Sustainability_Documents!$H:$H,"Missing") -> 0 | H10: =COUNTIFS(Sustainability_Documents!$A:$A,$A10,Sustainability_Documents!$H:$H,"Expired") -> 0 | I10: =COUNTIFS(Sustainability_Documents!$A:$A,$A10,Sustainability_Documents!$H:$H,"Expiring Soon") -> 0 | J10: =COUNTIFS(Sustainability_Documents!$A:$A,$A10,Sustainability_Documents!$C:$C,"Yes") -> 4 | K10: =IF($J10=0,"",($J10-$G10-$H10)/$J10) -> 1 | L10: =COUNTIFS(OutReach_Log!$A:$A,$A10,OutReach_Log!$G:$G,"Yes") -> 0 | M10: =COUNTIFS(OutReach_Log!$A:$A,$A10,OutReach_Log!$E:$E,"Pending") +COUNTIFS(OutReach_Log!$A:$A,$A10,OutReach_Log!$E:$E,"Escalated") -> 0 | N10: =COUNTIFS(Incident_Log!$A:$A,$A10,Incident_Log!$C:$C,"High",Incident_Log!$E:$E,"No") -> 0 | O10: =IF(OR(H10>0,I10>0,N10>0), "High Attention Required", IF(J10>0, "Attention Required", "Fully Compliant" ) ) -> Attention Required | P10: =($G10*40)+($H10*30)+($I10*10)+($N10*50)+IF($L10>0,20,0) -> 0 | Q10: =E10*(P10/100) -> 0 | R10: =_xlfn.RANK.EQ($Q10,$Q$2:$Q$401,0) -> 180
A11: {=_xlfn._xlws.SORT(Vendor_Master!A11)} -> VND-010 | B11: =_xlfn.XLOOKUP(Compliance_Sheet!A11,Vendor_Master!A11,Vendor_Master!B11,"") -> Vendor_010 | C11: =_xlfn.XLOOKUP(A11,Vendor_Master!A11,Vendor_Master!C11,"") -> Waste Services | D11: =_xlfn.XLOOKUP(A11,Vendor_Master!A11,Vendor_Master!D11,"") -> East | E11: =_xlfn.XLOOKUP(A11,Vendor_Master!A11,Vendor_Master!E11,0) -> 1850541 | F11: =_xlfn.XLOOKUP(A11,Vendor_Master!A11,Vendor_Master!H11,"") -> contact10@vendor.com | G11: =COUNTIFS(Sustainability_Documents!$A:$A,$A11,Sustainability_Documents!$H:$H,"Missing") -> 0 | H11: =COUNTIFS(Sustainability_Documents!$A:$A,$A11,Sustainability_Documents!$H:$H,"Expired") -> 0 | I11: =COUNTIFS(Sustainability_Documents!$A:$A,$A11,Sustainability_Documents!$H:$H,"Expiring Soon") -> 0 | J11: =COUNTIFS(Sustainability_Documents!$A:$A,$A11,Sustainability_Documents!$C:$C,"Yes") -> 4 | K11: =IF($J11=0,"",($J11-$G11-$H11)/$J11) -> 1 | L11: =COUNTIFS(OutReach_Log!$A:$A,$A11,OutReach_Log!$G:$G,"Yes") -> 0 | M11: =COUNTIFS(OutReach_Log!$A:$A,$A11,OutReach_Log!$E:$E,"Pending") +COUNTIFS(OutReach_Log!$A:$A,$A11,OutReach_Log!$E:$E,"Escalated") -> 0 | N11: =COUNTIFS(Incident_Log!$A:$A,$A11,Incident_Log!$C:$C,"High",Incident_Log!$E:$E,"No") -> 0 | O11: =IF(OR(H11>0,I11>0,N11>0), "High Attention Required", IF(J11>0, "Attention Required", "Fully Compliant" ) ) -> Attention Required | P11: =($G11*40)+($H11*30)+($I11*10)+($N11*50)+IF($L11>0,20,0) -> 0 | Q11: =E11*(P11/100) -> 0 | R11: =_xlfn.RANK.EQ($Q11,$Q$2:$Q$401,0) -> 180
A12: {=_xlfn._xlws.SORT(Vendor_Master!A12)} -> VND-011 | B12: =_xlfn.XLOOKUP(Compliance_Sheet!A12,Vendor_Master!A12,Vendor_Master!B12,"") -> Vendor_011 | C12: =_xlfn.XLOOKUP(A12,Vendor_Master!A12,Vendor_Master!C12,"") -> Waste Services | D12: =_xlfn.XLOOKUP(A12,Vendor_Master!A12,Vendor_Master!D12,"") -> East | E12: =_xlfn.XLOOKUP(A12,Vendor_Master!A12,Vendor_Master!E12,0) -> 3639808 | F12: =_xlfn.XLOOKUP(A12,Vendor_Master!A12,Vendor_Master!H12,"") -> contact11@vendor.com | G12: =COUNTIFS(Sustainability_Documents!$A:$A,$A12,Sustainability_Documents!$H:$H,"Missing") -> 0 | H12: =COUNTIFS(Sustainability_Documents!$A:$A,$A12,Sustainability_Documents!$H:$H,"Expired") -> 0 | I12: =COUNTIFS(Sustainability_Documents!$A:$A,$A12,Sustainability_Documents!$H:$H,"Expiring Soon") -> 0 | J12: =COUNTIFS(Sustainability_Documents!$A:$A,$A12,Sustainability_Documents!$C:$C,"Yes") -> 4 | K12: =IF($J12=0,"",($J12-$G12-$H12)/$J12) -> 1 | L12: =COUNTIFS(OutReach_Log!$A:$A,$A12,OutReach_Log!$G:$G,"Yes") -> 0 | M12: =COUNTIFS(OutReach_Log!$A:$A,$A12,OutReach_Log!$E:$E,"Pending") +COUNTIFS(OutReach_Log!$A:$A,$A12,OutReach_Log!$E:$E,"Escalated") -> 0 | N12: =COUNTIFS(Incident_Log!$A:$A,$A12,Incident_Log!$C:$C,"High",Incident_Log!$E:$E,"No") -> 0 | O12: =IF(OR(H12>0,I12>0,N12>0), "High Attention Required", IF(J12>0, "Attention Required", "Fully Compliant" ) ) -> Attention Required | P12: =($G12*40)+($H12*30)+($I12*10)+($N12*50)+IF($L12>0,20,0) -> 0 | Q12: =E12*(P12/100) -> 0 | R12: =_xlfn.RANK.EQ($Q12,$Q$2:$Q$401,0) -> 180
A13: {=_xlfn._xlws.SORT(Vendor_Master!A13)} -> VND-012 | B13: =_xlfn.XLOOKUP(Compliance_Sheet!A13,Vendor_Master!A13,Vendor_Master!B13,"") -> Vendor_012 | C13: =_xlfn.XLOOKUP(A13,Vendor_Master!A13,Vendor_Master!C13,"") -> Waste Services | D13: =_xlfn.XLOOKUP(A13,Vendor_Master!A13,Vendor_Master!D13,"") -> East | E13: =_xlfn.XLOOKUP(A13,Vendor_Master!A13,Vendor_Master!E13,0) -> 3362434 | F13: =_xlfn.XLOOKUP(A13,Vendor_Master!A13,Vendor_Master!H13,"") -> contact12@vendor.com | G13: =COUNTIFS(Sustainability_Documents!$A:$A,$A13,Sustainability_Documents!$H:$H,"Missing") -> 0 | H13: =COUNTIFS(Sustainability_Documents!$A:$A,$A13,Sustainability_Documents!$H:$H,"Expired") -> 0 | I13: =COUNTIFS(Sustainability_Documents!$A:$A,$A13,Sustainability_Documents!$H:$H,"Expiring Soon") -> 0 | J13: =COUNTIFS(Sustainability_Documents!$A:$A,$A13,Sustainability_Documents!$C:$C,"Yes") -> 4 | K13: =IF($J13=0,"",($J13-$G13-$H13)/$J13) -> 1 | L13: =COUNTIFS(OutReach_Log!$A:$A,$A13,OutReach_Log!$G:$G,"Yes") -> 0 | M13: =COUNTIFS(OutReach_Log!$A:$A,$A13,OutReach_Log!$E:$E,"Pending") +COUNTIFS(OutReach_Log!$A:$A,$A13,OutReach_Log!$E:$E,"Escalated") -> 0 | N13: =COUNTIFS(Incident_Log!$A:$A,$A13,Incident_Log!$C:$C,"High",Incident_Log!$E:$E,"No") -> 0 | O13: =IF(OR(H13>0,I13>0,N13>0), "High Attention Required", IF(J13>0, "Attention Required", "Fully Compliant" ) ) -> Attention Required | P13: =($G13*40)+($H13*30)+($I13*10)+($N13*50)+IF($L13>0,20,0) -> 0 | Q13: =E13*(P13/100) -> 0 | R13: =_xlfn.RANK.EQ($Q13,$Q$2:$Q$401,0) -> 180
... A401: {=_xlfn._xlws.SORT(Vendor_Master!A401)} -> VND-400 | B401: =_xlfn.XLOOKUP(Compliance_Sheet!A401,Vendor_Master!A401,Vendor_Master!B401,"") -> Vendor_400 | C401: =_xlfn.XLOOKUP(A401,Vendor_Master!A401,Vendor_Master!C401,"") -> Equipment Maintenance | D401: =_xlfn.XLOOKUP(A401,Vendor_Master!A401,Vendor_Master!D401,"") -> North | E401: =_xlfn.XLOOKUP(A401,Vendor_Master!A401,Vendor_Master!E401,0) -> 2950224 | F401: =_xlfn.XLOOKUP(A401,Vendor_Master!A401,Vendor_Master!H401,"") -> contact400@vendor.com | G401: =COUNTIFS(Sustainability_Documents!$A:$A,$A401,Sustainability_Documents!$H:$H,"Missing") -> 4 | H401: =COUNTIFS(Sustainability_Documents!$A:$A,$A401,Sustainability_Documents!$H:$H,"Expired") -> 0 | I401: =COUNTIFS(Sustainability_Documents!$A:$A,$A401,Sustainability_Documents!$H:$H,"Expiring Soon") -> 0 | J401: =COUNTIFS(Sustainability_Documents!$A:$A,$A401,Sustainability_Documents!$C:$C,"Yes") -> 4 | K401: =IF($J401=0,"",($J401-$G401-$H401)/$J401) -> 0 | L401: =COUNTIFS(OutReach_Log!$A:$A,$A401,OutReach_Log!$G:$G,"Yes") -> 1 | M401: =COUNTIFS(OutReach_Log!$A:$A,$A401,OutReach_Log!$E:$E,"Pending") +COUNTIFS(OutReach_Log!$A:$A,$A401,OutReach_Log!$E:$E,"Escalated") -> 0 | N401: =COUNTIFS(Incident_Log!$A:$A,$A401,Incident_Log!$C:$C,"High",Incident_Log!$E:$E,"No") -> 0 | O401: =IF(OR(H401>0,I401>0,N401>0), "High Attention Required", IF(J401>0, "Attention Required", "Fully Compliant" ) ) -> Attention Required | P401: =($G401*40)+($H401*30)+($I401*10)+($N401*50)+IF($L401>0,20,0) -> 180 | Q401: =E401*(P401/100) -> 5310403.2 | R401: =_xlfn.RANK.EQ($Q401,$Q$2:$Q$401,0) -> 6

Sheet Executive_Summary
O7: Total Spend Exposure of Non-Compliant Vendors
M8: Total Spend Exposure of High Attention Vendors | O8: 448683972
A10: Rank | B10: Vendor Name | C10: Region | D10: Annual Spend | E10: Tier | F10: Risk Score | G10: Spend-Weighted Risk
A11: 1 | B11: =IFERROR(INDEX(Compliance_Sheet!B:B, MATCH($A11, Compliance_Sheet!R:R, 0)),"") -> Vendor_293 | C11: =IFERROR(INDEX(Compliance_Sheet!D:D, MATCH($A11, Compliance_Sheet!R:R, 0)),"") -> West | D11: =IFERROR(INDEX(Compliance_Sheet!E:E, MATCH($A11, Compliance_Sheet!R:R, 0)),"") -> 4952520 | E11: =IFERROR(INDEX(Compliance_Sheet!O:O, MATCH($A11, Compliance_Sheet!R:R, 0)),"") -> High Attention Required | F11: =IFERROR(INDEX(Compliance_Sheet!P:P, MATCH($A11, Compliance_Sheet!R:R, 0)),"") -> 140 | G11: =IFERROR(INDEX(Compliance_Sheet!Q:Q, MATCH($A11, Compliance_Sheet!R:R, 0)),"") -> 6933528
A12: 2 | B12: =IFERROR(INDEX(Compliance_Sheet!B:B, MATCH($A12, Compliance_Sheet!R:R, 0)),"") -> Vendor_292 | C12: =IFERROR(INDEX(Compliance_Sheet!D:D, MATCH($A12, Compliance_Sheet!R:R, 0)),"") -> West | D12: =IFERROR(INDEX(Compliance_Sheet!E:E, MATCH($A12, Compliance_Sheet!R:R, 0)),"") -> 4634994 | E12: =IFERROR(INDEX(Compliance_Sheet!O:O, MATCH($A12, Compliance_Sheet!R:R, 0)),"") -> High Attention Required | F12: =IFERROR(INDEX(Compliance_Sheet!P:P, MATCH($A12, Compliance_Sheet!R:R, 0)),"") -> 140 | G12: =IFERROR(INDEX(Compliance_Sheet!Q:Q, MATCH($A12, Compliance_Sheet!R:R, 0)),"") -> 6488991.6
A13: 3 | B13: =IFERROR(INDEX(Compliance_Sheet!B:B, MATCH($A13, Compliance_Sheet!R:R, 0)),"") -> Vendor_291 | C13: =IFERROR(INDEX(Compliance_Sheet!D:D, MATCH($A13, Compliance_Sheet!R:R, 0)),"") -> West | D13: =IFERROR(INDEX(Compliance_Sheet!E:E, MATCH($A13, Compliance_Sheet!R:R, 0)),"") -> 4386358 | E13: =IFERROR(INDEX(Compliance_Sheet!O:O, MATCH($A13, Compliance_Sheet!R:R, 0)),"") -> High Attention Required | F13: =IFERROR(INDEX(Compliance_Sheet!P:P, MATCH($A13, Compliance_Sheet!R:R, 0)),"") -> 140 | G13: =IFERROR(INDEX(Compliance_Sheet!Q:Q, MATCH($A13, Compliance_Sheet!R:R, 0)),"") -> 6140901.2
A14: 4 | B14: =IFERROR(INDEX(Compliance_Sheet!B:B, MATCH($A14, Compliance_Sheet!R:R, 0)),"") -> Vendor_398 | C14: =IFERROR(INDEX(Compliance_Sheet!D:D, MATCH($A14, Compliance_Sheet!R:R, 0)),"") -> North | D14: =IFERROR(INDEX(Compliance_Sheet!E:E, MATCH($A14, Compliance_Sheet!R:R, 0)),"") -> 3389070 | E14: =IFERROR(INDEX(Compliance_Sheet!O:O, MATCH($A14, Compliance_Sheet!R:R, 0)),"") -> Attention Required | F14: =IFERROR(INDEX(Compliance_Sheet!P:P, MATCH($A14, Compliance_Sheet!R:R, 0)),"") -> 180 | G14: =IFERROR(INDEX(Compliance_Sheet!Q:Q, MATCH($A14, Compliance_Sheet!R:R, 0)),"") -> 6100326
A15: 5 | B15: =IFERROR(INDEX(Compliance_Sheet!B:B, MATCH($A15, Compliance_Sheet!R:R, 0)),"") -> Vendor_290 | C15: =IFERROR(INDEX(Compliance_Sheet!D:D, MATCH($A15, Compliance_Sheet!R:R, 0)),"") -> West | D15: =IFERROR(INDEX(Compliance_Sheet!E:E, MATCH($A15, Compliance_Sheet!R:R, 0)),"") -> 3926781 | E15: =IFERROR(INDEX(Compliance_Sheet!O:O, MATCH($A15, Compliance_Sheet!R:R, 0)),"") -> High Attention Required | F15: =IFERROR(INDEX(Compliance_Sheet!P:P, MATCH($A15, Compliance_Sheet!R:R, 0)),"") -> 140 | G15: =IFERROR(INDEX(Compliance_Sheet!Q:Q, MATCH($A15, Compliance_Sheet!R:R, 0)),"") -> 5497493.4
A16: 6 | B16: =IFERROR(INDEX(Compliance_Sheet!B:B, MATCH($A16, Compliance_Sheet!R:R, 0)),"") -> Vendor_400 | C16: =IFERROR(INDEX(Compliance_Sheet!D:D, MATCH($A16, Compliance_Sheet!R:R, 0)),"") -> North | D16: =IFERROR(INDEX(Compliance_Sheet!E:E, MATCH($A16, Compliance_Sheet!R:R, 0)),"") -> 2950224 | E16: =IFERROR(INDEX(Compliance_Sheet!O:O, MATCH($A16, Compliance_Sheet!R:R, 0)),"") -> Attention Required | F16: =IFERROR(INDEX(Compliance_Sheet!P:P, MATCH($A16, Compliance_Sheet!R:R, 0)),"") -> 180 | G16: =IFERROR(INDEX(Compliance_Sheet!Q:Q, MATCH($A16, Compliance_Sheet!R:R, 0)),"") -> 5310403.2
A17: 7 | B17: =IFERROR(INDEX(Compliance_Sheet!B:B, MATCH($A17, Compliance_Sheet!R:R, 0)),"") -> Vendor_399 | C17: =IFERROR(INDEX(Compliance_Sheet!D:D, MATCH($A17, Compliance_Sheet!R:R, 0)),"") -> North | D17: =IFERROR(INDEX(Compliance_Sheet!E:E, MATCH($A17, Compliance_Sheet!R:R, 0)),"") -> 2884267 | E17: =IFERROR(INDEX(Compliance_Sheet!O:O, MATCH($A17, Compliance_Sheet!R:R, 0)),"") -> Attention Required | F17: =IFERROR(INDEX(Compliance_Sheet!P:P, MATCH($A17, Compliance_Sheet!R:R, 0)),"") -> 180 | G17: =IFERROR(INDEX(Compliance_Sheet!Q:Q, MATCH($A17, Compliance_Sheet!R:R, 0)),"") -> 5191680.6
A18: 8 | B18: =IFERROR(INDEX(Compliance_Sheet!B:B, MATCH($A18, Compliance_Sheet!R:R, 0)),"") -> Vendor_397 | C18: =IFERROR(INDEX(Compliance_Sheet!D:D, MATCH($A18, Compliance_Sheet!R:R, 0)),"") -> North | D18: =IFERROR(INDEX(Compliance_Sheet!E:E, MATCH($A18, Compliance_Sheet!R:R, 0)),"") -> 2727524 | E18: =IFERROR(INDEX(Compliance_Sheet!O:O, MATCH($A18, Compliance_Sheet!R:R, 0)),"") -> Attention Required | F18: =IFERROR(INDEX(Compliance_Sheet!P:P, MATCH($A18, Compliance_Sheet!R:R, 0)),"") -> 180 | G18: =IFERROR(INDEX(Compliance_Sheet!Q:Q, MATCH($A18, Compliance_Sheet!R:R, 0)),"") -> 4909543.2
A19: 9 | B19: =IFERROR(INDEX(Compliance_Sheet!B:B, MATCH($A19, Compliance_Sheet!R:R, 0)),"") -> Vendor_294 | C19: =IFERROR(INDEX(Compliance_Sheet!D:D, MATCH($A19, Compliance_Sheet!R:R, 0)),"") -> West | D19: =IFERROR(INDEX(Compliance_Sheet!E:E, MATCH($A19, Compliance_Sheet!R:R, 0)),"") -> 3276946 | E19: =IFERROR(INDEX(Compliance_Sheet!O:O, MATCH($A19, Compliance_Sheet!R:R, 0)),"") -> High Attention Required | F19: =IFERROR(INDEX(Compliance_Sheet!P:P, MATCH($A19, Compliance_Sheet!R:R, 0)),"") -> 140 | G19: =IFERROR(INDEX(Compliance_Sheet!Q:Q, MATCH($A19, Compliance_Sheet!R:R, 0)),"") -> 4587724.4
A20: 10 | B20: =IFERROR(INDEX(Compliance_Sheet!B:B, MATCH($A20, Compliance_Sheet!R:R, 0)),"") -> Vendor_262 | C20: =IFERROR(INDEX(Compliance_Sheet!D:D, MATCH($A20, Compliance_Sheet!R:R, 0)),"") -> West | D20: =IFERROR(INDEX(Compliance_Sheet!E:E, MATCH($A20, Compliance_Sheet!R:R, 0)),"") -> 3343835 | E20: =IFERROR(INDEX(Compliance_Sheet!O:O, MATCH($A20, Compliance_Sheet!R:R, 0)),"") -> High Attention Required | F20: =IFERROR(INDEX(Compliance_Sheet!P:P, MATCH($A20, Compliance_Sheet!R:R, 0)),"") -> 80 | G20: =IFERROR(INDEX(Compliance_Sheet!Q:Q, MATCH($A20, Compliance_Sheet!R:R, 0)),"") -> 2675068

Sheet Pivot_Charts
A2: Vendor Distribution by Compliance Tier
A3: Row Labels | B3: Count of Vendor_ID
A4: Attention Required | B4: 300
A5: High Attention Required | B5: 100
A6: Grand Total | B6: 400
A8: Spend Exposure by Compliance Tier
A9: Row Labels | B9: Sum of Annual_Spend
A10: Attention Required | B10: 309914166
A11: High Attention Required | B11: 138769806
A12: Grand Total | B12: 448683972
A14: Risk Concentration by Region
A15: Count of Vendor_ID | B15: Column Labels
A16: Row Labels | B16: Attention Required | C16: High Attention Required | D16: Grand Total
A17: East | B17: 99 | C17: 1 | D17: 100
A18: North | B18: 79 | C18: 21 | D18: 100
A19: South | B19: 98 | C19: 2 | D19: 100
A20: West | B20: 24 | C20: 76 | D20: 100
A21: Grand Total | B21: 300 | C21: 100 | D21: 400
A23: Risk Concentration by Vendor Category
A24: Count of Vendor_ID | B24: Column Labels
A25: Row Labels | B25: Attention Required | C25: High Attention Required | D25: Grand Total
A26: Chemical Supply | C26: 80 | D26: 80
A27: Equipment Maintenance | B27: 79 | C27: 2 | D27: 81
A28: Marine Services | B28: 63 | C28: 17 | D28: 80
A29: Rail Services | B29: 80 | D29: 80
A30: Waste Services | B30: 78 | C30: 1 | D30: 79
A31: Grand Total | B31: 300 | C31: 100 | D31: 400
A33: ESG Category Risk Exposure
A34: Count of Vendor_ID | B34: Column Labels
A35: Row Labels | B35: Active | C35: Expired | D35: Expiring Soon | E35: Missing | F35: Grand Total
A36: Environmental | B36: 672 | C36: 99 | D36: 189 | E36: 240 | F36: 1200
A37: Safety | B37: 224 | C37: 35 | D37: 61 | E37: 80 | F37: 400
A38: Grand Total | B38: 896 | C38: 134 | D38: 250 | E38: 320 | F38: 1600
A40: Incident Severity Analysis
A41: Count of Vendor_ID | B41: Column Labels
A42: Row Labels | B42: No | C42: Yes | D42: Grand Total
A43: High | B43: 6 | C43: 3 | D43: 9
A44: Low | B44: 12 | C44: 94 | D44: 106
A45: Medium | B45: 12 | C45: 53 | D45: 65
A46: Grand Total | B46: 30 | C46: 150 | D46: 180
